<meta >
    <oop>true</oop>
	<script src = "Config.lua" type = "shared" cache = "false" />
	<script src = "Client.luac" type = "client" cache = "false" />
	<script src = "Server.luac" type = "server" cache = "false" />
    <file src = "files/gfx/1.png" />
    <file src = "files/gfx/2.png" />
    <file src = "files/gfx/3.png" />
    <file src = "files/gfx/4.png" />
    <file src = "files/gfx/5.png" />
    <file src = "files/gfx/6.png" />
    <file src = "files/gfx/7.png" />
    <file src = "files/gfx/8.png" />
    <file src = "files/gfx/9.png" />
    <file src = "files/gfx/10.png" />
    <file src = "files/gfx/11.png" />
    <file src = "files/gfx/12.png" />
    <file src = "files/gfx/13.png" />
    <file src = "files/gfx/14.png" />
    <file src = "files/gfx/15.png" />
    <file src = "files/gfx/16.png" />
    <file src = "files/gfx/17.png" />
    <file src = "files/gfx/18.png" />
    <file src = "files/gfx/19.png" />
    <file src = "files/gfx/20.png" />
    <file src = "files/gfx/21.png" />
    <file src = "files/gfx/22.png" />
    <file src = "files/gfx/23.png" />
    <file src = "files/gfx/24.png" />	
    <file src = "files/models/jbl.dff" />
    <file src = "files/models/jbl.txd" />		
    <file src = "files/fonts/DMSans-Bold.ttf" />
    <file src = "files/fonts/DMSans-Medium.ttf" />
    <file src = "files/fonts/DMSans-Regular.ttf" /> 	
    <min_mta_version server="1.5.4-9.11413" />		
</meta>